"","text","favorited","favoriteCount","replyToSN","created","truncated","replyToSID","id","replyToUID","statusSource","screenName","retweetCount","isRetweet","retweeted","longitude","latitude"
"1","Salam #AKUINDONESIA !!! Semangat !",FALSE,33,NA,2015-04-02 13:56:13,FALSE,NA,"583629008526385153",NA,"<a href=""http://twitter.com/download/iphone"" rel=""nofollow"">Twitter for iPhone</a>","farhatabbaslaw",18,FALSE,FALSE,NA,NA
"2","ELLino Edie - Live @Matrix Tv http://t.co/JZzWXdMhRx",FALSE,16,NA,2015-04-02 11:30:06,FALSE,NA,"583592234798358529",NA,"<a href=""http://www.apple.com"" rel=""nofollow"">iOS</a>","farhatabbaslaw",2,FALSE,FALSE,NA,NA
"3","#SEMOGAYOGAMASUKSORGA",FALSE,208,NA,2015-04-02 02:05:22,FALSE,NA,"583450115886559232",NA,"<a href=""http://twitter.com/download/iphone"" rel=""nofollow"">Twitter for iPhone</a>","farhatabbaslaw",194,FALSE,FALSE,NA,NA
"4","Aku merasa orangtermiskin didunia, yang penuh derita bermandikan airmata, itulah diriku,kita jauh berbeda kau orang kaya aku orang tak punya",FALSE,97,NA,2015-04-02 01:30:47,FALSE,NA,"583441413100019712",NA,"<a href=""http://twitter.com/download/iphone"" rel=""nofollow"">Twitter for iPhone</a>","farhatabbaslaw",99,FALSE,FALSE,NA,NA
"5","10. Bukan datang hilang hape, hilang hape masuk Tv,, masyaallah?",FALSE,61,NA,2015-04-02 01:13:32,FALSE,NA,"583437074595848194",NA,"<a href=""http://twitter.com/download/iphone"" rel=""nofollow"">Twitter for iPhone</a>","farhatabbaslaw",36,FALSE,FALSE,NA,NA
"6","9. Jangan malu2in,, baru pertama kehilangan hape ya? Makanya jgn bawa hape ke keramaian, pergi bawa doa pulang dapat hape.",FALSE,61,NA,2015-04-02 01:12:50,FALSE,NA,"583436897113903104",NA,"<a href=""http://twitter.com/download/iphone"" rel=""nofollow"">Twitter for iPhone</a>","farhatabbaslaw",37,FALSE,FALSE,NA,NA
"7","8. Sayangilah persahabatan, bukan sayangi hartamu,,",FALSE,43,NA,2015-04-02 01:11:40,FALSE,NA,"583436604087246848",NA,"<a href=""http://twitter.com/download/iphone"" rel=""nofollow"">Twitter for iPhone</a>","farhatabbaslaw",35,FALSE,FALSE,NA,NA
"8","7. Kalo teman olga, ikhlasin aja,,,kali aja hp nya ikut kekubur juga,",FALSE,59,NA,2015-04-02 01:11:01,FALSE,NA,"583436441008504832",NA,"<a href=""http://twitter.com/download/iphone"" rel=""nofollow"">Twitter for iPhone</a>","farhatabbaslaw",37,FALSE,FALSE,NA,NA
"9","6. Besok-besok kalo ada kedukaan hati hati didatangin jupe, ntar hilang hp, berabe deh kite",FALSE,43,NA,2015-04-02 01:10:21,FALSE,NA,"583436270413553664",NA,"<a href=""http://twitter.com/download/iphone"" rel=""nofollow"">Twitter for iPhone</a>","farhatabbaslaw",36,FALSE,FALSE,NA,NA
"10","5. Kalo jupe yg datang ke mesjid gue, gue ganti hp nya plus gue tambah 1 lagi hp cadangan, biar dia gak bawel &amp; heboh.",FALSE,47,NA,2015-04-02 01:09:35,FALSE,NA,"583436077043556352",NA,"<a href=""http://twitter.com/download/iphone"" rel=""nofollow"">Twitter for iPhone</a>","farhatabbaslaw",58,FALSE,FALSE,NA,NA
"11","4. Kalo gue yg ngelayat, walau hilang cincin berlian gue diam2 aja tuh, dengan gak sengaja itukan malu2in keluarga yg meninggal.",FALSE,53,NA,2015-04-02 01:08:33,FALSE,NA,"583435818531885057",NA,"<a href=""http://twitter.com/download/iphone"" rel=""nofollow"">Twitter for iPhone</a>","farhatabbaslaw",47,FALSE,FALSE,NA,NA
"12","3. Nyawa aja hilang orang wajib ikhlas, ini cuma HP ributnya minta ampun, jangan jangan cuma lupa nyimpannya.",FALSE,45,NA,2015-04-02 01:07:08,FALSE,NA,"583435462464765953",NA,"<a href=""http://twitter.com/download/iphone"" rel=""nofollow"">Twitter for iPhone</a>","farhatabbaslaw",53,FALSE,FALSE,NA,NA
"13","2. Gaptek amat sih, kan walau hp hilang beli aja yg baru, otomatis data hp muncul lagi.",FALSE,43,NA,2015-04-02 01:06:13,FALSE,NA,"583435229588619264",NA,"<a href=""http://twitter.com/download/iphone"" rel=""nofollow"">Twitter for iPhone</a>","farhatabbaslaw",35,FALSE,FALSE,NA,NA
"14","1. Saran gue buat artis super heboh jupe kalo kehilangan HP jangan teriak2 aja, sana ke kantor polisi buat laporan.",FALSE,58,NA,2015-04-02 01:05:26,FALSE,NA,"583435036126355457",NA,"<a href=""http://twitter.com/download/iphone"" rel=""nofollow"">Twitter for iPhone</a>","farhatabbaslaw",82,FALSE,FALSE,NA,NA
"15","Positif,Negatif, Iklan Gratis ( Gretong ) http://t.co/YUqWwMSrEt",FALSE,69,NA,2015-04-01 23:18:28,FALSE,NA,"583408115598503936",NA,"<a href=""http://www.apple.com"" rel=""nofollow"">iOS</a>","farhatabbaslaw",22,FALSE,FALSE,NA,NA
"16","#SEMOGAYOGAMASUKSORGA http://t.co/ifVrT4qK5C",FALSE,292,NA,2015-04-01 23:15:25,FALSE,NA,"583407348296712192",NA,"<a href=""http://twitter.com/download/iphone"" rel=""nofollow"">Twitter for iPhone</a>","farhatabbaslaw",313,FALSE,FALSE,NA,NA
"17","Bencong selalu membela bencong.",FALSE,82,NA,2015-04-01 22:23:35,FALSE,NA,"583394302950187008",NA,"<a href=""http://twitter.com/download/iphone"" rel=""nofollow"">Twitter for iPhone</a>","farhatabbaslaw",47,FALSE,FALSE,NA,NA
"18","Saat begal kedapatan begal dibunuh dan dibakar , tak ada yg menangis &amp; mengaku,,, sekarang ngomong sayangilah mayat, plin plan",FALSE,23,NA,2015-04-01 22:23:07,FALSE,NA,"583394186323341312",NA,"<a href=""http://twitter.com/download/iphone"" rel=""nofollow"">Twitter for iPhone</a>","farhatabbaslaw",28,FALSE,FALSE,NA,NA
"19","Ingat ustadz, semua uang yg kau pungut saat syi'ar islam suatu saat akan ditagih umat.",FALSE,39,NA,2015-04-01 22:21:58,FALSE,NA,"583393895494451200",NA,"<a href=""http://twitter.com/download/iphone"" rel=""nofollow"">Twitter for iPhone</a>","farhatabbaslaw",56,FALSE,FALSE,NA,NA
"20","Kemarin ustadz ini bilang agar jaga hidup dg baik agar gak dihina saat mati, hari ini dia bilang jangan menghina orang mati karena berdosa.",FALSE,36,NA,2015-04-01 22:19:23,FALSE,NA,"583393245960380416",NA,"<a href=""http://twitter.com/download/iphone"" rel=""nofollow"">Twitter for iPhone</a>","farhatabbaslaw",46,FALSE,FALSE,NA,NA
"21","Kita gak usah lagi ngomongin orang yg udah meninggal, kita ngomongin ustadz yg masih hidup aja, ustadz kontrakan, ustadz bayaran,",FALSE,57,NA,2015-04-01 22:17:39,FALSE,NA,"583392808033099776",NA,"<a href=""http://twitter.com/download/iphone"" rel=""nofollow"">Twitter for iPhone</a>","farhatabbaslaw",50,FALSE,FALSE,NA,NA
"22","@deviena26 gak percaya ama ustadz bayaran.",FALSE,17,"deviena26",2015-04-01 22:12:59,FALSE,"583391357185589248","583391637771980801","1056510540","<a href=""http://twitter.com/download/iphone"" rel=""nofollow"">Twitter for iPhone</a>","farhatabbaslaw",6,FALSE,FALSE,NA,NA
"23","@yuliani498 kamu betul, hari ini saya lebih cepat 5 menit sholat subuhnya dari waktu adzan mesjid dekat rumah,",FALSE,20,"yuliani498",2015-04-01 22:11:34,FALSE,"583389381848797185","583391278043238400","1866318356","<a href=""http://twitter.com/download/iphone"" rel=""nofollow"">Twitter for iPhone</a>","farhatabbaslaw",3,FALSE,FALSE,NA,NA
"24","@JRjanuardi kapan gue nulis nama nia, nia nya aja yg pengen dompleng",FALSE,24,"JRjanuardi",2015-04-01 22:09:18,FALSE,"583389275921620992","583390710583296000","110383912","<a href=""http://twitter.com/download/iphone"" rel=""nofollow"">Twitter for iPhone</a>","farhatabbaslaw",5,FALSE,FALSE,NA,NA
"25","Rakyat yg diikutsertakan dalam naik turun harga bbm,sama aja mengangkat rakyat jd menteri tapi gaji &amp; jabatan serta kehidupan tetap melarat",FALSE,36,NA,2015-04-01 21:58:15,FALSE,NA,"583387929717841920",NA,"<a href=""http://twitter.com/download/iphone"" rel=""nofollow"">Twitter for iPhone</a>","farhatabbaslaw",42,FALSE,FALSE,NA,NA
"26","Islam yg bahagia itu yang sholat subuh sepanjang hidupnya, sampai dia disholatin nanti.",FALSE,53,NA,2015-04-01 21:55:22,FALSE,NA,"583387201666359297",NA,"<a href=""http://twitter.com/download/iphone"" rel=""nofollow"">Twitter for iPhone</a>","farhatabbaslaw",66,FALSE,FALSE,NA,NA
"27","Manusia belum menemukan kunci membuat alam semesta menyatu baik ruang maupun waktu.",FALSE,42,NA,2015-04-01 21:51:48,FALSE,NA,"583386303674261504",NA,"<a href=""http://twitter.com/download/iphone"" rel=""nofollow"">Twitter for iPhone</a>","farhatabbaslaw",77,FALSE,FALSE,NA,NA
"28","@karinaririn #SEMOGAYOGAMASUKSORGA",FALSE,22,"karinaririn",2015-04-01 21:11:26,FALSE,"583375679158288384","583376148085637120","112703127","<a href=""http://twitter.com/download/iphone"" rel=""nofollow"">Twitter for iPhone</a>","farhatabbaslaw",5,FALSE,FALSE,NA,NA
"29","Saat tahu &amp; mendekati kematian, mulailah mereka menangis,ketakutan, menyadari arti keluarga,teman, waktu, sehat, harta &amp; segalanya.",FALSE,45,NA,2015-04-01 21:10:29,FALSE,NA,"583375907106082816",NA,"<a href=""http://twitter.com/download/iphone"" rel=""nofollow"">Twitter for iPhone</a>","farhatabbaslaw",50,FALSE,FALSE,NA,NA
"30","RT #SEMOGAYOGAMASUKSORGA",FALSE,60,NA,2015-04-01 16:35:51,FALSE,NA,"583306791326380032",NA,"<a href=""http://twitter.com/download/iphone"" rel=""nofollow"">Twitter for iPhone</a>","farhatabbaslaw",55,FALSE,FALSE,NA,NA
"31","Sialan nih, si Tara ngejek gue cari uang http://t.co/mrJDV76N1q gue jadiin satpam nih dayang2 sorga, digaji pakai uang fitnahnya itu.",FALSE,96,NA,2015-04-01 16:31:52,FALSE,NA,"583305790942916608",NA,"<a href=""http://twitter.com/download/iphone"" rel=""nofollow"">Twitter for iPhone</a>","farhatabbaslaw",67,FALSE,FALSE,NA,NA
"32","#SEMOGAYOGAMASUKSORGA AMIN YRA",FALSE,59,NA,2015-04-01 16:22:01,FALSE,NA,"583303310435745792",NA,"<a href=""http://twitter.com/download/iphone"" rel=""nofollow"">Twitter for iPhone</a>","farhatabbaslaw",43,FALSE,FALSE,NA,NA
"33","Mulai sekarang jangan panggil dia OLGA lagi, tapi panggil dia  ""SORGA""  semoga YOGA Masuk SORGA,,AMIN #SEMOGAYOGAMASUKSORGA",FALSE,87,NA,2015-04-01 16:21:41,FALSE,NA,"583303226193149952",NA,"<a href=""http://twitter.com/download/iphone"" rel=""nofollow"">Twitter for iPhone</a>","farhatabbaslaw",91,FALSE,FALSE,NA,NA
"34","@sangkolongmerat @hajilul woy",FALSE,28,"sikolongmerat",2015-04-01 16:18:21,FALSE,"583301644768579584","583302387290394625","1357605013","<a href=""http://twitter.com/download/iphone"" rel=""nofollow"">Twitter for iPhone</a>","farhatabbaslaw",3,FALSE,FALSE,NA,NA
"35","Mulai sekarang jangan panggil OLGA lagi, tapi panggil dia  ""SORGA""  semoga YOGA Masuk SORGA,,AMIN ( Do'ain ya,, amin )",FALSE,67,NA,2015-04-01 16:16:31,FALSE,NA,"583301929012359168",NA,"<a href=""http://twitter.com/download/iphone"" rel=""nofollow"">Twitter for iPhone</a>","farhatabbaslaw",54,FALSE,FALSE,NA,NA
"36","Mulai sekarang jangan panggil dia OLGA lagi, tapi panggil dia  ""SORGA""  semoga YOGA Masuk SORGA,,AMIN",FALSE,53,NA,2015-04-01 16:13:52,FALSE,NA,"583301259840507904",NA,"<a href=""http://twitter.com/download/iphone"" rel=""nofollow"">Twitter for iPhone</a>","farhatabbaslaw",67,FALSE,FALSE,NA,NA
"37","Lsm HajarIndonesia menolak eksekusi mati terpidana yg sudah bertobat &amp; dipenjara lama. http://t.co/pFGINd2rHD",FALSE,21,NA,2015-04-01 16:08:15,FALSE,NA,"583299847312158720",NA,"<a href=""http://www.apple.com"" rel=""nofollow"">iOS</a>","farhatabbaslaw",9,FALSE,FALSE,NA,NA
"38","@hajilul WWWW pak haji,,",FALSE,32,"hajilul",2015-04-01 15:02:41,FALSE,"583283135833505792","583283346618204162","1443054200","<a href=""http://twitter.com/download/iphone"" rel=""nofollow"">Twitter for iPhone</a>","farhatabbaslaw",4,FALSE,FALSE,NA,NA
"39","Jangan sembunyikan dosa dibalik kematianmu. Hidup pendosa matipun berdosa. #AKUINDONESIA #lsmhajarindonesia",FALSE,37,NA,2015-04-01 14:15:51,FALSE,NA,"583271563237019648",NA,"<a href=""http://twitter.com/download/iphone"" rel=""nofollow"">Twitter for iPhone</a>","farhatabbaslaw",36,FALSE,FALSE,NA,NA
"40","Hidup bencong, matinya mencong.",FALSE,97,NA,2015-04-01 14:15:35,FALSE,NA,"583271493150248960",NA,"<a href=""http://twitter.com/download/iphone"" rel=""nofollow"">Twitter for iPhone</a>","farhatabbaslaw",67,FALSE,FALSE,NA,NA
"41","Waspada! Aliran sesat baru,, aliran alay ha ha ha",FALSE,88,NA,2015-04-01 11:40:21,FALSE,NA,"583232429554470912",NA,"<a href=""http://twitter.com/download/iphone"" rel=""nofollow"">Twitter for iPhone</a>","farhatabbaslaw",93,FALSE,FALSE,NA,NA
"42","Setan tetap hidup walau sudah dikubur.",FALSE,81,NA,2015-04-01 11:31:28,FALSE,NA,"583230194212700160",NA,"<a href=""http://twitter.com/download/iphone"" rel=""nofollow"">Twitter for iPhone</a>","farhatabbaslaw",76,FALSE,FALSE,NA,NA
"43","Yang marah paling alay &amp; sebangsanya.",FALSE,34,NA,2015-04-01 11:31:02,FALSE,NA,"583230085370548224",NA,"<a href=""http://twitter.com/download/iphone"" rel=""nofollow"">Twitter for iPhone</a>","farhatabbaslaw",22,FALSE,FALSE,NA,NA
"44","Manfaat ikut ospek ( orientasi pengenalan kampua ) membuat kita matang &amp; tahan banting. Bukan karena gila ! He he",FALSE,32,NA,2015-04-01 11:25:57,FALSE,NA,"583228804518166528",NA,"<a href=""http://twitter.com/download/iphone"" rel=""nofollow"">Twitter for iPhone</a>","farhatabbaslaw",14,FALSE,FALSE,NA,NA
"45","Si ondel-ondel gak perlu kompres2an, bilang aja gini "" ondel2 farhat yg mana? Farhatkan banyak isterinya"" ? Seperti yg gue tuduh2 selama ini",FALSE,31,NA,2015-04-01 11:24:30,FALSE,NA,"583228438628052993",NA,"<a href=""http://twitter.com/download/iphone"" rel=""nofollow"">Twitter for iPhone</a>","farhatabbaslaw",9,FALSE,FALSE,NA,NA
"46","Hidup &amp; matinyapun dibuat ribet, harus nunggu 7 harinyalah,, inilah, itulah,, gak kapok kapok.",FALSE,52,NA,2015-04-01 11:18:38,FALSE,NA,"583226963935932417",NA,"<a href=""http://twitter.com/download/iphone"" rel=""nofollow"">Twitter for iPhone</a>","farhatabbaslaw",42,FALSE,FALSE,NA,NA
"47","Para alay itu memang jahat mulut &amp; kelakuannya.",FALSE,42,NA,2015-04-01 11:07:06,FALSE,NA,"583224062555525120",NA,"<a href=""http://twitter.com/download/iphone"" rel=""nofollow"">Twitter for iPhone</a>","farhatabbaslaw",49,FALSE,FALSE,NA,NA
"48","Saat hidup masuk tv minta bayaran, saat mati gratisan.",FALSE,42,NA,2015-04-01 11:05:10,FALSE,NA,"583223573499629568",NA,"<a href=""http://twitter.com/download/iphone"" rel=""nofollow"">Twitter for iPhone</a>","farhatabbaslaw",28,FALSE,FALSE,NA,NA
"49","Sholat magrib yuk ! Bagi islam yg gak sholat 5 Waktu,, lebih baik mati aja. Titik",FALSE,49,NA,2015-04-01 11:03:53,FALSE,NA,"583223252073365505",NA,"<a href=""http://twitter.com/download/iphone"" rel=""nofollow"">Twitter for iPhone</a>","farhatabbaslaw",70,FALSE,FALSE,NA,NA
"50","@assyifa_aja @echa_cabby @reginanews33",FALSE,18,"assyifa_aja",2015-04-01 11:01:36,FALSE,"583221391408947200","583222678158348288","1569668875","<a href=""http://twitter.com/download/iphone"" rel=""nofollow"">Twitter for iPhone</a>","farhatabbaslaw",2,FALSE,FALSE,NA,NA
"51","@OktavianaNew @JakartaHolic kasian banget ya ! Dimedia dia nuduh gue banyak isteri &amp; tukang kawin, kog ge er merasa jd bini satu2nya gue?",FALSE,10,"OktavianaNew",2015-04-01 10:42:01,FALSE,"583217100304437249","583217749909905408","487209513","<a href=""http://twitter.com/download/iphone"" rel=""nofollow"">Twitter for iPhone</a>","farhatabbaslaw",3,FALSE,FALSE,NA,NA
"52","'Kematian' Farhat Abbas Kalahkan One Direction di Twitter http://t.co/XU0cOiReJ8",FALSE,81,NA,2015-04-01 10:29:15,FALSE,NA,"583214533554020352",NA,"<a href=""http://www.apple.com"" rel=""nofollow"">iOS</a>","farhatabbaslaw",92,FALSE,FALSE,NA,NA
"53","5. Kebenaran selalu dimulut, hati, pikiran &amp; tulisan,lisan gue, siapa nyangka pergi sakit pulang mati, mati rahasia Tuhan.",FALSE,75,NA,2015-04-01 07:51:41,FALSE,NA,"583174881400856576",NA,"<a href=""http://twitter.com/download/iphone"" rel=""nofollow"">Twitter for iPhone</a>","farhatabbaslaw",48,FALSE,FALSE,NA,NA
"54","4. Gara2 provokator2 bodoh, milyaran manusia ikut #RIPFarhatAbbas untung Tuhan maha tahu &amp; maha penyayang,",FALSE,81,NA,2015-04-01 07:50:04,FALSE,NA,"583174474775719936",NA,"<a href=""http://twitter.com/download/iphone"" rel=""nofollow"">Twitter for iPhone</a>","farhatabbaslaw",62,FALSE,FALSE,NA,NA
"55","3. Langka bagi pengacara menangani case terpidana mati, siapa yg sukses digelar sebagai malaikat penyelamat manusia.",FALSE,37,NA,2015-04-01 07:48:44,FALSE,NA,"583174141898977280",NA,"<a href=""http://twitter.com/download/iphone"" rel=""nofollow"">Twitter for iPhone</a>","farhatabbaslaw",15,FALSE,FALSE,NA,NA
"56","2. Pengalaman gue selama ini bukan mendoakan orang agar cepat mati, tapi terbukti banyak terpidana mati gak jadi mati alias hidup lagi.",FALSE,30,NA,2015-04-01 07:47:18,FALSE,NA,"583173780865859584",NA,"<a href=""http://twitter.com/download/iphone"" rel=""nofollow"">Twitter for iPhone</a>","farhatabbaslaw",19,FALSE,FALSE,NA,NA
"57","1, Prihatin melihat sifat manusia yg mendoakan gue mati hanya karena kebodohan &amp; emosianal sesaat/sesat mereka.",FALSE,35,NA,2015-04-01 07:44:39,FALSE,NA,"583173112813875200",NA,"<a href=""http://twitter.com/download/iphone"" rel=""nofollow"">Twitter for iPhone</a>","farhatabbaslaw",40,FALSE,FALSE,NA,NA
"58","http://t.co/RKuA9OiFtL",FALSE,21,NA,2015-04-01 06:55:27,FALSE,NA,"583160732922961920",NA,"<a href=""http://twitter.com/download/iphone"" rel=""nofollow"">Twitter for iPhone</a>","farhatabbaslaw",4,FALSE,FALSE,NA,NA
"59","Menghina kawin siri sama hal nya dg menghina islam.",FALSE,84,NA,2015-04-01 04:12:06,FALSE,NA,"583119623094075392",NA,"<a href=""http://twitter.com/download/iphone"" rel=""nofollow"">Twitter for iPhone</a>","farhatabbaslaw",73,FALSE,FALSE,NA,NA
"60","Dalam islam perkawinan itu ya yg siri itu.",FALSE,56,NA,2015-04-01 04:08:56,FALSE,NA,"583118826457276417",NA,"<a href=""http://twitter.com/download/iphone"" rel=""nofollow"">Twitter for iPhone</a>","farhatabbaslaw",30,FALSE,FALSE,NA,NA
"61","@udapanji kalo bicara islam, suami yg jatuhkan thalak kpd istrinya , boleh dinikahin istrinya.",FALSE,15,"udapanji",2015-04-01 02:31:15,FALSE,"583093935641264130","583094242135789568","114977510","<a href=""http://twitter.com/download/iphone"" rel=""nofollow"">Twitter for iPhone</a>","farhatabbaslaw",6,FALSE,FALSE,NA,NA
"62","Siapa berani membantah Tuhan ? http://t.co/LHxiykpBp8 banyak bencong neraka.",FALSE,42,NA,2015-04-01 02:21:02,FALSE,NA,"583091672172482561",NA,"<a href=""http://twitter.com/download/iphone"" rel=""nofollow"">Twitter for iPhone</a>","farhatabbaslaw",20,FALSE,FALSE,NA,NA
"63","http://t.co/QMokNCauwQ mengapa bencong tak boleh masuk surga walaupun mati dihari jumat ?",FALSE,101,NA,2015-04-01 02:19:58,FALSE,NA,"583091401358872576",NA,"<a href=""http://twitter.com/download/iphone"" rel=""nofollow"">Twitter for iPhone</a>","farhatabbaslaw",103,FALSE,FALSE,NA,NA
"64","http://t.co/lalClO9J4g",FALSE,24,NA,2015-04-01 02:14:00,FALSE,NA,"583089901408645120",NA,"<a href=""http://twitter.com/download/iphone"" rel=""nofollow"">Twitter for iPhone</a>","farhatabbaslaw",4,FALSE,FALSE,NA,NA
"65","http://t.co/0W1jNh6aqt",FALSE,19,NA,2015-04-01 02:12:38,FALSE,NA,"583089557131776000",NA,"<a href=""http://twitter.com/download/iphone"" rel=""nofollow"">Twitter for iPhone</a>","farhatabbaslaw",4,FALSE,FALSE,NA,NA
"66","""Sesungguhnya hal yang paling aku takutkan menimpa umatku adalah perbuatan kaum Luth"" (HR.at-Tirmidzi, al-Hakim, Ibn Majah)",FALSE,32,NA,2015-04-01 02:11:04,FALSE,NA,"583089162271608832",NA,"<a href=""http://twitter.com/download/iphone"" rel=""nofollow"">Twitter for iPhone</a>","farhatabbaslaw",49,FALSE,FALSE,NA,NA
"67","Bencong mati meninggalkan bencong",FALSE,92,NA,2015-04-01 01:11:07,FALSE,NA,"583074077469900800",NA,"<a href=""http://twitter.com/download/iphone"" rel=""nofollow"">Twitter for iPhone</a>","farhatabbaslaw",91,FALSE,FALSE,NA,NA
"68","Dia baru lucu kalo jadi bencong &amp; menghina2 orang.",FALSE,63,NA,2015-04-01 01:08:45,FALSE,NA,"583073479311773696",NA,"<a href=""http://twitter.com/download/iphone"" rel=""nofollow"">Twitter for iPhone</a>","farhatabbaslaw",90,FALSE,FALSE,NA,NA
"69","Di islam hanya ada kaum laki &amp; perempuan,, gak ada setengah-setengah.",FALSE,52,NA,2015-04-01 01:07:59,FALSE,NA,"583073287812481024",NA,"<a href=""http://twitter.com/download/iphone"" rel=""nofollow"">Twitter for iPhone</a>","farhatabbaslaw",84,FALSE,FALSE,NA,NA
"70","Tessy aja yg bencongnya dibuat2, akhir kariernya sempat minum cairan toilet, gimana yg bencong benaran.",FALSE,46,NA,2015-04-01 01:06:39,FALSE,NA,"583072953648058369",NA,"<a href=""http://twitter.com/download/iphone"" rel=""nofollow"">Twitter for iPhone</a>","farhatabbaslaw",65,FALSE,FALSE,NA,NA
"71","Ada gak? Bencong yg masuk surga? Namanya juga bencong.",FALSE,73,NA,2015-04-01 01:05:33,FALSE,NA,"583072673594408960",NA,"<a href=""http://twitter.com/download/iphone"" rel=""nofollow"">Twitter for iPhone</a>","farhatabbaslaw",75,FALSE,FALSE,NA,NA
"72","Apa yg baik dalam kehidupannya? Paling egois &amp; keras hati jadi banci.",FALSE,24,NA,2015-04-01 01:04:14,FALSE,NA,"583072345708847104",NA,"<a href=""http://twitter.com/download/iphone"" rel=""nofollow"">Twitter for iPhone</a>","farhatabbaslaw",24,FALSE,FALSE,NA,NA
"73","Inspirator para banci2 baru indonesia.",FALSE,31,NA,2015-04-01 01:03:21,FALSE,NA,"583072120810291200",NA,"<a href=""http://twitter.com/download/iphone"" rel=""nofollow"">Twitter for iPhone</a>","farhatabbaslaw",23,FALSE,FALSE,NA,NA
"74","Banci didunia banci pula dineraka.",FALSE,40,NA,2015-04-01 01:02:15,FALSE,NA,"583071843424165889",NA,"<a href=""http://twitter.com/download/iphone"" rel=""nofollow"">Twitter for iPhone</a>","farhatabbaslaw",37,FALSE,FALSE,NA,NA
"75","http://t.co/VGSYNELzKT tks mas Dr Tompi &amp; Mb Dewi Yul atas doa &amp; dukungannya buat rakyat kab bogor. http://t.co/VGSYNELzKT",FALSE,18,NA,2015-04-01 00:34:15,FALSE,NA,"583064798440493056",NA,"<a href=""http://www.apple.com"" rel=""nofollow"">iOS</a>","farhatabbaslaw",7,FALSE,FALSE,NA,NA
"76","Bahas artis alay &amp; artis bencong dong,,bagaimana mati &amp; neraka mereka?",FALSE,42,NA,2015-04-01 00:25:10,FALSE,NA,"583062513148805120",NA,"<a href=""http://twitter.com/download/iphone"" rel=""nofollow"">Twitter for iPhone</a>","farhatabbaslaw",57,FALSE,FALSE,NA,NA
"77","Semua lingkungan alay akan bermasalah, perkawinan, hidup &amp; matinya ada aja masalah &amp; kesusahan, namanya juga alay alay",FALSE,35,NA,2015-04-01 00:24:15,FALSE,NA,"583062281568710656",NA,"<a href=""http://twitter.com/download/iphone"" rel=""nofollow"">Twitter for iPhone</a>","farhatabbaslaw",32,FALSE,FALSE,NA,NA
"78","Selar selir",FALSE,29,NA,2015-04-01 00:10:15,FALSE,NA,"583058760169455616",NA,"<a href=""http://twitter.com/download/iphone"" rel=""nofollow"">Twitter for iPhone</a>","farhatabbaslaw",16,FALSE,FALSE,NA,NA
"79","Kasihan partai2 besar berjuang membesar2kan dirinya melawan pembesar dinegeri ini,ternyata kekuasaan yg besar itulah yg berkuasa&amp;mengecilkan",FALSE,23,NA,2015-03-31 13:24:45,FALSE,NA,"582896313601126400",NA,"<a href=""http://twitter.com/download/iphone"" rel=""nofollow"">Twitter for iPhone</a>","farhatabbaslaw",14,FALSE,FALSE,NA,NA
"80","Nonton nih karya gue yg gaul &amp; menghibur ! Terpaksa deh gue jd artis, TST ( tahu sama tahu )  http://t.co/IArSjgfWWu",FALSE,56,NA,2015-03-31 12:38:17,FALSE,NA,"582884620682723328",NA,"<a href=""http://www.apple.com"" rel=""nofollow"">iOS</a>","farhatabbaslaw",18,FALSE,FALSE,NA,NA
"81","@ekhephep_74024 sombong &amp; bodoh, wajib dimusnahkan.",FALSE,40,"ekhephep_74024",2015-03-31 12:20:46,FALSE,"582879823967576064","582880213014482944","2747084391","<a href=""http://twitter.com/download/iphone"" rel=""nofollow"">Twitter for iPhone</a>","farhatabbaslaw",8,FALSE,FALSE,NA,NA
"82","Aku berdoa agar orang2 yg membeci &amp; memfitnahku, jgn dicepatin matinya, dipulihkan mulutnya, dijauhkan dari gila &amp; emosi,, Amin yra",FALSE,101,NA,2015-03-31 12:19:32,FALSE,NA,"582879902170357760",NA,"<a href=""http://twitter.com/download/iphone"" rel=""nofollow"">Twitter for iPhone</a>","farhatabbaslaw",114,FALSE,FALSE,NA,NA
"83","https://t.co/Gtfw0LHR4b https://t.co/Gtfw0LHR4b",FALSE,32,NA,2015-03-31 11:59:54,FALSE,NA,"582874961330622464",NA,"<a href=""http://www.apple.com"" rel=""nofollow"">iOS</a>","farhatabbaslaw",8,FALSE,FALSE,NA,NA
"84","http://t.co/DLuvgErvk2",FALSE,19,NA,2015-03-31 11:54:17,FALSE,NA,"582873548584198144",NA,"<a href=""http://twitter.com/download/iphone"" rel=""nofollow"">Twitter for iPhone</a>","farhatabbaslaw",4,FALSE,FALSE,NA,NA
"85","Pertahankan argumentasimu, sekalipun itu menghina orang yg menghina kita.",FALSE,33,NA,2015-03-31 11:34:05,FALSE,NA,"582868464001404929",NA,"<a href=""http://twitter.com/download/iphone"" rel=""nofollow"">Twitter for iPhone</a>","farhatabbaslaw",41,FALSE,FALSE,NA,NA
"86","Persoalan manusia, ketamakan, kebencian &amp; kebodohan.",FALSE,29,NA,2015-03-31 11:33:12,FALSE,NA,"582868240465936384",NA,"<a href=""http://twitter.com/download/iphone"" rel=""nofollow"">Twitter for iPhone</a>","farhatabbaslaw",21,FALSE,FALSE,NA,NA
"87","@ekhephep_74024 orang akan tinggi hatinya saat dihina &amp;  direndahin hatinya.",FALSE,12,"ekhephep_74024",2015-03-31 11:31:38,FALSE,"582867542269566976","582867848655048704","2747084391","<a href=""http://twitter.com/download/iphone"" rel=""nofollow"">Twitter for iPhone</a>","farhatabbaslaw",10,FALSE,FALSE,NA,NA
"88","Kata-kata baik hanya untuk orang-orang yg baik.",FALSE,45,NA,2015-03-31 11:30:09,FALSE,NA,"582867474992873473",NA,"<a href=""http://twitter.com/download/iphone"" rel=""nofollow"">Twitter for iPhone</a>","farhatabbaslaw",42,FALSE,FALSE,NA,NA
"89","Hanya orang yg menghargai dirinya yg dapat rendah hati.",FALSE,44,NA,2015-03-31 11:28:08,FALSE,NA,"582866964411863040",NA,"<a href=""http://twitter.com/download/iphone"" rel=""nofollow"">Twitter for iPhone</a>","farhatabbaslaw",42,FALSE,FALSE,NA,NA
"90","Orang bijaksana harus lebih hati-hati, seperti padi yg makin berisi makin membungkuk.",FALSE,38,NA,2015-03-31 11:27:20,FALSE,NA,"582866764565889024",NA,"<a href=""http://twitter.com/download/iphone"" rel=""nofollow"">Twitter for iPhone</a>","farhatabbaslaw",27,FALSE,FALSE,NA,NA
"91","Kalian adalah para saksi Allah di bumi. Kalian adalah para saksi Allah di bumi. (Shahih Muslim No.1578)",FALSE,31,NA,2015-03-31 11:08:36,FALSE,NA,"582862050793111552",NA,"<a href=""http://twitter.com/download/iphone"" rel=""nofollow"">Twitter for iPhone</a>","farhatabbaslaw",21,FALSE,FALSE,NA,NA
"92","sedangkan org yg kalian katakan sebagai jahat, maka wajib baginya neraka. Kalian adalah para saksi Allah di bumi.",FALSE,23,NA,2015-03-31 11:08:10,FALSE,NA,"582861939744776192",NA,"<a href=""http://twitter.com/download/iphone"" rel=""nofollow"">Twitter for iPhone</a>","farhatabbaslaw",17,FALSE,FALSE,NA,NA
"93","Rasulullah saw. bersabda: Orang yang kalian puji sebagai org baik, maka wajib baginya surga,",FALSE,31,NA,2015-03-31 11:07:40,FALSE,NA,"582861816251834368",NA,"<a href=""http://twitter.com/download/iphone"" rel=""nofollow"">Twitter for iPhone</a>","farhatabbaslaw",20,FALSE,FALSE,NA,NA
"94","lalu engkau mengatakan: Wajib, wajib, wajib. Lewat pula iringan jenazah lain yang disifati sebagai orang jahat,",FALSE,21,NA,2015-03-31 11:07:20,FALSE,NA,"582861731052961792",NA,"<a href=""http://twitter.com/download/iphone"" rel=""nofollow"">Twitter for iPhone</a>","farhatabbaslaw",8,FALSE,FALSE,NA,NA
"95","Umar berkata: Menjadi penebusmu, ayah dan ibuku! Ada iringan jenazah lewat dan orang-orang memujinya sebagai orang baik,",FALSE,22,NA,2015-03-31 11:06:56,FALSE,NA,"582861629223669760",NA,"<a href=""http://twitter.com/download/iphone"" rel=""nofollow"">Twitter for iPhone</a>","farhatabbaslaw",10,FALSE,FALSE,NA,NA
"96","kemudian Nabi SAW. bersabda: Wajib, wajib, wajib.",FALSE,15,NA,2015-03-31 11:06:32,FALSE,NA,"582861532083527680",NA,"<a href=""http://twitter.com/download/iphone"" rel=""nofollow"">Twitter for iPhone</a>","farhatabbaslaw",7,FALSE,FALSE,NA,NA
"97","kemudian Nabi SAW. bersabda: Wajib, wajib, wajib. Lalu lewat pula iringan jenazah lain, org2 mencelanya dgn keburukan..",FALSE,21,NA,2015-03-31 11:05:53,FALSE,NA,"582861366320500736",NA,"<a href=""http://twitter.com/download/iphone"" rel=""nofollow"">Twitter for iPhone</a>","farhatabbaslaw",16,FALSE,FALSE,NA,NA
"98","Hadis riwayat Anas bin Malik ra., ia berkata: Ketika iring-iringan membawa jenazah lewat, orang2 memuji jenazah dgn kebaikan.",FALSE,11,NA,2015-03-31 11:05:17,FALSE,NA,"582861214411145218",NA,"<a href=""http://twitter.com/download/iphone"" rel=""nofollow"">Twitter for iPhone</a>","farhatabbaslaw",10,FALSE,FALSE,NA,NA
"99","Allah Maha Pengampun",FALSE,47,NA,2015-03-31 10:58:12,FALSE,NA,"582859434646339584",NA,"<a href=""http://twitter.com/download/iphone"" rel=""nofollow"">Twitter for iPhone</a>","farhatabbaslaw",36,FALSE,FALSE,NA,NA
"100","Allah Maha Besar",FALSE,27,NA,2015-03-31 10:57:53,FALSE,NA,"582859352563822594",NA,"<a href=""http://twitter.com/download/iphone"" rel=""nofollow"">Twitter for iPhone</a>","farhatabbaslaw",27,FALSE,FALSE,NA,NA
"101","Orang baik maupun buruk tetap aja mati.",FALSE,32,NA,2015-03-31 10:57:15,FALSE,NA,"582859195927502848",NA,"<a href=""http://twitter.com/download/iphone"" rel=""nofollow"">Twitter for iPhone</a>","farhatabbaslaw",26,FALSE,FALSE,NA,NA
"102","Mayat yg boleh dihina a/l : orang murtad,orang homo/lesbi ( sejenis ) durhaka sama ortu, guru &amp; teman, &amp; orang yg malas sekolah.",FALSE,47,NA,2015-03-31 10:54:42,FALSE,NA,"582858550302535681",NA,"<a href=""http://twitter.com/download/iphone"" rel=""nofollow"">Twitter for iPhone</a>","farhatabbaslaw",73,FALSE,FALSE,NA,NA
"103","Tak boleh menghina mayat sesama islam yg baik,",FALSE,43,NA,2015-03-31 10:52:55,FALSE,NA,"582858103269425152",NA,"<a href=""http://twitter.com/download/iphone"" rel=""nofollow"">Twitter for iPhone</a>","farhatabbaslaw",32,FALSE,FALSE,NA,NA
"104","Memulia atau Mengejek mayat boleh kog, tergantung amal ibadah mayat, itulah perlunya berbuat baik agar saat mati tak ada orang yg sakit hati",FALSE,41,NA,2015-03-31 10:52:01,FALSE,NA,"582857878555398144",NA,"<a href=""http://twitter.com/download/iphone"" rel=""nofollow"">Twitter for iPhone</a>","farhatabbaslaw",54,FALSE,FALSE,NA,NA
"105","Tidak semua teroris muslim yg mau masuk surga.",FALSE,33,NA,2015-03-31 10:47:51,FALSE,NA,"582856829627060224",NA,"<a href=""http://twitter.com/download/iphone"" rel=""nofollow"">Twitter for iPhone</a>","farhatabbaslaw",17,FALSE,FALSE,NA,NA
"106","Indonesia merdeka hari jumat, masih banyak kog rakyat menganggap bangsa ini neraka ketidakadilan.",FALSE,32,NA,2015-03-31 10:42:25,FALSE,NA,"582855462250356736",NA,"<a href=""http://twitter.com/download/iphone"" rel=""nofollow"">Twitter for iPhone</a>","farhatabbaslaw",26,FALSE,FALSE,NA,NA
"107","Yang ingin masuk surga ""suntik-mati"" saja dihari jum'at ( regina - farhat ) http://t.co/OAOrNkJPcq",FALSE,64,NA,2015-03-31 10:38:10,FALSE,NA,"582854391322951680",NA,"<a href=""http://www.apple.com"" rel=""nofollow"">iOS</a>","farhatabbaslaw",55,FALSE,FALSE,NA,NA
"108","Bercambang/jenggot juga bisa masuk sorga,,, silahkan piara tuh jenggot",FALSE,42,NA,2015-03-31 10:35:03,FALSE,NA,"582853605092278272",NA,"<a href=""http://twitter.com/download/iphone"" rel=""nofollow"">Twitter for iPhone</a>","farhatabbaslaw",24,FALSE,FALSE,NA,NA
"109","Kalo masih ragu mati hari jumat, sekalian ganti nama aja jadi ""pak jum'at""",FALSE,35,NA,2015-03-31 10:32:05,FALSE,NA,"582852861647704064",NA,"<a href=""http://twitter.com/download/iphone"" rel=""nofollow"">Twitter for iPhone</a>","farhatabbaslaw",38,FALSE,FALSE,NA,NA
"110","Pahlawan tidak melahirkan pahlawan, pahlawan menciptakan karya.",FALSE,39,NA,2015-03-31 10:11:57,FALSE,NA,"582847792789348352",NA,"<a href=""http://twitter.com/download/iphone"" rel=""nofollow"">Twitter for iPhone</a>","farhatabbaslaw",24,FALSE,FALSE,NA,NA
"111","Orang mati yg membuatnya emosi.",FALSE,30,NA,2015-03-31 10:10:11,FALSE,NA,"582847350906826752",NA,"<a href=""http://twitter.com/download/iphone"" rel=""nofollow"">Twitter for iPhone</a>","farhatabbaslaw",25,FALSE,FALSE,NA,NA
"112","Pahlawan itu yg tak dibayar.",FALSE,35,NA,2015-03-31 09:50:40,FALSE,NA,"582842439636889600",NA,"<a href=""http://twitter.com/download/iphone"" rel=""nofollow"">Twitter for iPhone</a>","farhatabbaslaw",32,FALSE,FALSE,NA,NA
"113","Hati dan doamu tak dapat memaksa orang mati masuk sorga.",FALSE,27,NA,2015-03-31 09:47:46,FALSE,NA,"582841708871741441",NA,"<a href=""http://twitter.com/download/iphone"" rel=""nofollow"">Twitter for iPhone</a>","farhatabbaslaw",36,FALSE,FALSE,NA,NA
"114","Tak semua badan lemah hidup dg ketidak adilan, tapi semua jiwa mati karena ketidak adilan. ( FA )",FALSE,35,NA,2015-03-31 09:11:01,FALSE,NA,"582832457721864192",NA,"<a href=""http://twitter.com/download/iphone"" rel=""nofollow"">Twitter for iPhone</a>","farhatabbaslaw",27,FALSE,FALSE,NA,NA
"115","Kematian adalah dosa &amp; pahala baginya.",FALSE,41,NA,2015-03-31 08:48:18,FALSE,NA,"582826743892873216",NA,"<a href=""http://twitter.com/download/iphone"" rel=""nofollow"">Twitter for iPhone</a>","farhatabbaslaw",27,FALSE,FALSE,NA,NA
"116","Jangan sembunyikan dosa dibalik kematianmu. Hidup pendosa matipun berdosa. #AKUINDONESIA #lsmhajarindonesia",FALSE,55,NA,2015-03-31 07:14:26,FALSE,NA,"582803122365444097",NA,"<a href=""http://twitter.com/download/iphone"" rel=""nofollow"">Twitter for iPhone</a>","farhatabbaslaw",54,FALSE,FALSE,NA,NA
"117","Karena kematiannya hittler tak berarti masuk surga. Hidup jahat mati masuk neraka. #AKUINDONESIA",FALSE,47,NA,2015-03-31 07:11:26,FALSE,NA,"582802363586478082",NA,"<a href=""http://twitter.com/download/iphone"" rel=""nofollow"">Twitter for iPhone</a>","farhatabbaslaw",36,FALSE,FALSE,NA,NA
"118","Menang lagi nih,,) http://t.co/IUJmC8ubAq",FALSE,104,NA,2015-03-31 07:07:11,FALSE,NA,"582801297293713409",NA,"<a href=""http://www.apple.com"" rel=""nofollow"">iOS</a>","farhatabbaslaw",50,FALSE,FALSE,NA,NA
"119","Bagaimana mau masuk surga, jika hidup, sakit &amp; segalanya berbohong.",FALSE,136,NA,2015-03-31 04:37:06,FALSE,NA,"582763525845598208",NA,"<a href=""http://twitter.com/download/iphone"" rel=""nofollow"">Twitter for iPhone</a>","farhatabbaslaw",134,FALSE,FALSE,NA,NA
"120","Kirain sakit karena kebanyakan berbuat baik?,,, eh ternyata cuci dosa?,,,(",FALSE,223,NA,2015-03-30 23:28:43,FALSE,NA,"582685919255273472",NA,"<a href=""http://twitter.com/download/iphone"" rel=""nofollow"">Twitter for iPhone</a>","farhatabbaslaw",214,FALSE,FALSE,NA,NA
"121","Kalo para alay, makin dihina makin senang, buat lucu2an katanya,, dijitakpun tetap ketawa terbahak2,, huh dasar alay! Alay nisa karena biasa",FALSE,103,NA,2015-03-30 22:21:37,FALSE,NA,"582669030554615808",NA,"<a href=""http://twitter.com/download/iphone"" rel=""nofollow"">Twitter for iPhone</a>","farhatabbaslaw",110,FALSE,FALSE,NA,NA
"122","@Ndut_seven udah gua tangkap mulutnya",FALSE,54,"Ndut_seven",2015-03-30 21:49:31,FALSE,"582660760238616576","582660955533774848","567092790","<a href=""http://twitter.com/download/iphone"" rel=""nofollow"">Twitter for iPhone</a>","farhatabbaslaw",0,FALSE,FALSE,NA,NA
"123","Di Do'ain mati oleh setan dan pengikut2 setan cukup hadapi dg iman, sabar &amp; ikhlas,,, semua itu ada balasannya,, smg Tuhan mengampuni mereka",FALSE,95,NA,2015-03-30 21:47:17,FALSE,NA,"582660393656438784",NA,"<a href=""http://twitter.com/download/iphone"" rel=""nofollow"">Twitter for iPhone</a>","farhatabbaslaw",104,FALSE,FALSE,NA,NA
"124","Apa yang dia lakukan terhadapku terjadi saat ini, apa yg terjadi hari ini akibat masa lalunya.",FALSE,53,NA,2015-03-30 21:45:01,FALSE,NA,"582659823541473280",NA,"<a href=""http://twitter.com/download/iphone"" rel=""nofollow"">Twitter for iPhone</a>","farhatabbaslaw",35,FALSE,FALSE,NA,NA
"125","@Ndut_seven susah melawan pelawak, udah ngaku nyakitin hati orang, trus ngakunya cuma guyon, kita diejek kurang gaul.",FALSE,49,"Ndut_seven",2015-03-30 21:41:29,FALSE,"582658536024334337","582658931580739584","567092790","<a href=""http://twitter.com/download/iphone"" rel=""nofollow"">Twitter for iPhone</a>","farhatabbaslaw",14,FALSE,FALSE,NA,NA
"126","Farhat Abbas Menyanyi Lagu Sumpah Pocong http://t.co/CKUSppOkfs",FALSE,60,NA,2015-03-30 21:17:06,FALSE,NA,"582652794936500225",NA,"<a href=""http://www.apple.com"" rel=""nofollow"">iOS</a>","farhatabbaslaw",8,FALSE,FALSE,NA,NA
"127","Farhat Abbas (Mata Hati - KOMPAS TV ) http://t.co/h0MvzzK1B7",FALSE,32,NA,2015-03-30 21:16:41,FALSE,NA,"582652690586435584",NA,"<a href=""http://www.apple.com"" rel=""nofollow"">iOS</a>","farhatabbaslaw",5,FALSE,FALSE,NA,NA
"128","Farhat Abbas - Yok Damai Yok - Cipt : Farhat Abbas ( gak perlu lagi saling menghina teriak2 seperti tarzan ) http://t.co/AOzzYtTQld",FALSE,40,NA,2015-03-30 21:15:23,FALSE,NA,"582652362679984128",NA,"<a href=""http://www.apple.com"" rel=""nofollow"">iOS</a>","farhatabbaslaw",15,FALSE,FALSE,NA,NA
"129","Tuhan maha tahu &amp; maha mendengar, tahu mana doa yg benar,mana yg harus didengar &amp; dikabulkan,gak asal doa ramai2 asal ramai doang,, Amin",FALSE,48,NA,2015-03-30 21:02:13,FALSE,NA,"582649050907824128",NA,"<a href=""http://twitter.com/download/iphone"" rel=""nofollow"">Twitter for iPhone</a>","farhatabbaslaw",40,FALSE,FALSE,NA,NA
"130","Mati yang membuat susah &amp; perang.",FALSE,53,NA,2015-03-30 16:02:43,FALSE,NA,"582573680816852992",NA,"<a href=""http://twitter.com/download/iphone"" rel=""nofollow"">Twitter for iPhone</a>","farhatabbaslaw",37,FALSE,FALSE,NA,NA
"131","http://t.co/u0Cc5GFbcG",FALSE,47,NA,2015-03-30 14:41:41,FALSE,NA,"582553287708135424",NA,"<a href=""http://twitter.com/download/iphone"" rel=""nofollow"">Twitter for iPhone</a>","farhatabbaslaw",10,FALSE,FALSE,NA,NA
"132","http://t.co/eoEOKAquKs",FALSE,86,NA,2015-03-30 12:38:00,FALSE,NA,"582522161316831232",NA,"<a href=""http://twitter.com/download/iphone"" rel=""nofollow"">Twitter for iPhone</a>","farhatabbaslaw",12,FALSE,FALSE,NA,NA
"133","#setankuburan berkelompok &amp; berkembang, mati satu tumbuh sejuta.",FALSE,113,NA,2015-03-30 09:59:17,FALSE,NA,"582482218372583424",NA,"<a href=""http://twitter.com/download/iphone"" rel=""nofollow"">Twitter for iPhone</a>","farhatabbaslaw",74,FALSE,FALSE,NA,NA
"134","#setankuburan lahir dari dosa yg dibuat semasa hidup.",FALSE,75,NA,2015-03-30 09:58:30,FALSE,NA,"582482023240966145",NA,"<a href=""http://twitter.com/download/iphone"" rel=""nofollow"">Twitter for iPhone</a>","farhatabbaslaw",46,FALSE,FALSE,NA,NA
"135","Setan itu adalah sifat &amp; budaya negatif.",FALSE,79,NA,2015-03-30 09:56:23,FALSE,NA,"582481486655287296",NA,"<a href=""http://twitter.com/download/iphone"" rel=""nofollow"">Twitter for iPhone</a>","farhatabbaslaw",41,FALSE,FALSE,NA,NA
"136","Setan &amp; neraka mulai menyerang &amp; berperang melawan kebenaran, kematiam tak dapat menyiasati dosa.",FALSE,55,NA,2015-03-30 09:50:00,FALSE,NA,"582479882191425536",NA,"<a href=""http://twitter.com/download/iphone"" rel=""nofollow"">Twitter for iPhone</a>","farhatabbaslaw",42,FALSE,FALSE,NA,NA
"137","Hanya setan yg merasa tersindir &amp; terbakar dg kata &amp; pikiran ini.",FALSE,62,NA,2015-03-30 09:49:08,FALSE,NA,"582479663764676608",NA,"<a href=""http://twitter.com/download/iphone"" rel=""nofollow"">Twitter for iPhone</a>","farhatabbaslaw",49,FALSE,FALSE,NA,NA
"138","Pembela neraka masuk neraka.",FALSE,70,NA,2015-03-30 09:45:24,FALSE,NA,"582478725918277632",NA,"<a href=""http://twitter.com/download/iphone"" rel=""nofollow"">Twitter for iPhone</a>","farhatabbaslaw",35,FALSE,FALSE,NA,NA
"139","Tes HIV &amp; Narkoba seluruh artis &amp; pejabat indonesia. #lsmhajarindonesia",FALSE,94,NA,2015-03-30 08:50:23,FALSE,NA,"582464877760884736",NA,"<a href=""http://twitter.com/download/iphone"" rel=""nofollow"">Twitter for iPhone</a>","farhatabbaslaw",89,FALSE,FALSE,NA,NA
"140","Kalian yg membuat sakit hati ini &amp; hinaannya mendunia.",FALSE,121,NA,2015-03-30 07:57:57,FALSE,NA,"582451682178547714",NA,"<a href=""http://twitter.com/download/iphone"" rel=""nofollow"">Twitter for iPhone</a>","farhatabbaslaw",70,FALSE,FALSE,NA,NA
"141","Yang namanya setan walaupun udah mati atau dikubur &amp; neraka tetap aja ngejek manusia !",FALSE,94,NA,2015-03-30 07:55:58,FALSE,NA,"582451186491510784",NA,"<a href=""http://twitter.com/download/iphone"" rel=""nofollow"">Twitter for iPhone</a>","farhatabbaslaw",99,FALSE,FALSE,NA,NA
"142","Sahabat yg hebat adalah yg tidak pernah berdebat.",FALSE,108,NA,2015-03-30 06:41:26,FALSE,NA,"582432428452487168",NA,"<a href=""http://twitter.com/download/iphone"" rel=""nofollow"">Twitter for iPhone</a>","farhatabbaslaw",122,FALSE,FALSE,NA,NA
"143","Hidup menghujat, mati dihujat.",FALSE,147,NA,2015-03-30 06:39:20,FALSE,NA,"582431898196008960",NA,"<a href=""http://twitter.com/download/iphone"" rel=""nofollow"">Twitter for iPhone</a>","farhatabbaslaw",155,FALSE,FALSE,NA,NA
"144","Tanam kebaikan, berbuah persahabatan &amp; kehebatan. ) #akuindonesia",FALSE,71,NA,2015-03-30 06:21:15,FALSE,NA,"582427350513549312",NA,"<a href=""http://twitter.com/download/iphone"" rel=""nofollow"">Twitter for iPhone</a>","farhatabbaslaw",64,FALSE,FALSE,NA,NA
"145","Yang menghapus dosa hanya Tuhan dg syarat tobat.",FALSE,131,NA,2015-03-30 03:39:40,FALSE,NA,"582386686283231232",NA,"<a href=""http://twitter.com/download/iphone"" rel=""nofollow"">Twitter for iPhone</a>","farhatabbaslaw",118,FALSE,FALSE,NA,NA
"146","Yang nguburin orangnya itu2 aja,",FALSE,190,NA,2015-03-30 03:32:10,FALSE,NA,"582384798284406784",NA,"<a href=""http://twitter.com/download/iphone"" rel=""nofollow"">Twitter for iPhone</a>","farhatabbaslaw",98,FALSE,FALSE,NA,NA
"147","Belajarlah pada kematian bukan belajar mati.",FALSE,87,NA,2015-03-29 11:25:12,FALSE,NA,"582141451389116417",NA,"<a href=""http://twitter.com/download/iphone"" rel=""nofollow"">Twitter for iPhone</a>","farhatabbaslaw",70,FALSE,FALSE,NA,NA
"148","@hajilul )",FALSE,57,"hajilul",2015-03-29 11:24:05,FALSE,"582140800139575297","582141169997516800","1443054200","<a href=""http://twitter.com/download/iphone"" rel=""nofollow"">Twitter for iPhone</a>","farhatabbaslaw",4,FALSE,FALSE,NA,NA
"149","Hidup matinya punya panggung.",FALSE,58,NA,2015-03-29 11:23:07,FALSE,NA,"582140928288124929",NA,"<a href=""http://twitter.com/download/iphone"" rel=""nofollow"">Twitter for iPhone</a>","farhatabbaslaw",22,FALSE,FALSE,NA,NA
"150","Falsafah hidup dianggap menyerang &amp; menghina orang? Aneh deh",FALSE,42,NA,2015-03-29 11:22:47,FALSE,NA,"582140844016177152",NA,"<a href=""http://twitter.com/download/iphone"" rel=""nofollow"">Twitter for iPhone</a>","farhatabbaslaw",18,FALSE,FALSE,NA,NA
"151","Pilih kaya tapi sendiri atau mati tapi ramai?",FALSE,63,NA,2015-03-29 11:21:18,FALSE,NA,"582140471314509824",NA,"<a href=""http://twitter.com/download/iphone"" rel=""nofollow"">Twitter for iPhone</a>","farhatabbaslaw",37,FALSE,FALSE,NA,NA
"152","Kaya ada masanya,",FALSE,49,NA,2015-03-29 11:19:15,FALSE,NA,"582139954764996608",NA,"<a href=""http://twitter.com/download/iphone"" rel=""nofollow"">Twitter for iPhone</a>","farhatabbaslaw",18,FALSE,FALSE,NA,NA
"153","Hidup menyerang mati dibela.",FALSE,54,NA,2015-03-29 11:18:21,FALSE,NA,"582139728960454657",NA,"<a href=""http://twitter.com/download/iphone"" rel=""nofollow"">Twitter for iPhone</a>","farhatabbaslaw",34,FALSE,FALSE,NA,NA
"154","Hidup tertawa mati sengsara.",FALSE,65,NA,2015-03-29 11:17:22,FALSE,NA,"582139482008240128",NA,"<a href=""http://twitter.com/download/iphone"" rel=""nofollow"">Twitter for iPhone</a>","farhatabbaslaw",61,FALSE,FALSE,NA,NA
"155","Ramai dg pencopet, banyak yg kehilangan dompet &amp; HP, karena dempet2an.",FALSE,72,NA,2015-03-29 10:17:33,FALSE,NA,"582124427380273152",NA,"<a href=""http://twitter.com/download/iphone"" rel=""nofollow"">Twitter for iPhone</a>","farhatabbaslaw",50,FALSE,FALSE,NA,NA
"156","Kirain konser jupe, melayat rupanya?",FALSE,144,NA,2015-03-29 10:16:35,FALSE,NA,"582124183892598784",NA,"<a href=""http://twitter.com/download/iphone"" rel=""nofollow"">Twitter for iPhone</a>","farhatabbaslaw",124,FALSE,FALSE,NA,NA
"157","Biasa aja",FALSE,78,NA,2015-03-29 07:16:52,FALSE,NA,"582078959048757248",NA,"<a href=""http://twitter.com/download/iphone"" rel=""nofollow"">Twitter for iPhone</a>","farhatabbaslaw",33,FALSE,FALSE,NA,NA
"158","Dia aja udah neraka, buat apa masuk neraka Lagi ?",FALSE,92,NA,2015-03-29 07:09:44,FALSE,NA,"582077161118437376",NA,"<a href=""http://twitter.com/download/iphone"" rel=""nofollow"">Twitter for iPhone</a>","farhatabbaslaw",86,FALSE,FALSE,NA,NA
"159","Pahlawannya bencong",FALSE,134,NA,2015-03-29 07:07:06,FALSE,NA,"582076499051712512",NA,"<a href=""http://twitter.com/download/iphone"" rel=""nofollow"">Twitter for iPhone</a>","farhatabbaslaw",135,FALSE,FALSE,NA,NA
"160","@elfaARN ini asli lucu ha 3X",FALSE,96,"elfaARN",2015-03-29 07:06:32,FALSE,"582076180653871104","582076358546718720","491104665","<a href=""http://twitter.com/download/iphone"" rel=""nofollow"">Twitter for iPhone</a>","farhatabbaslaw",28,FALSE,FALSE,NA,NA
"161","Tak ada doa massal yg dikabulkan hanya karena rasa benci &amp; permusuhan yg bersekutu.",FALSE,71,NA,2015-03-29 07:00:08,FALSE,NA,"582074747585851392",NA,"<a href=""http://twitter.com/download/iphone"" rel=""nofollow"">Twitter for iPhone</a>","farhatabbaslaw",47,FALSE,FALSE,NA,NA
"162","Saat hidup susah ngejek dia, dia selalu menang, kapan lagi ngejek dia kalo bukan saat dia mati.",FALSE,108,NA,2015-03-29 06:53:04,FALSE,NA,"582072968961921024",NA,"<a href=""http://twitter.com/download/iphone"" rel=""nofollow"">Twitter for iPhone</a>","farhatabbaslaw",227,FALSE,FALSE,NA,NA
"163","Periuknya udah mati, jauh asap dari panggang,",FALSE,50,NA,2015-03-29 06:49:55,FALSE,NA,"582072176578179072",NA,"<a href=""http://twitter.com/download/iphone"" rel=""nofollow"">Twitter for iPhone</a>","farhatabbaslaw",28,FALSE,FALSE,NA,NA
"164","Setan mati meninggalkan setan setannya.",FALSE,63,NA,2015-03-29 06:48:37,FALSE,NA,"582071848516521984",NA,"<a href=""http://twitter.com/download/iphone"" rel=""nofollow"">Twitter for iPhone</a>","farhatabbaslaw",50,FALSE,FALSE,NA,NA
"165","Kematiannya membakar neraka.",FALSE,58,NA,2015-03-29 06:47:25,FALSE,NA,"582071544278466560",NA,"<a href=""http://twitter.com/download/iphone"" rel=""nofollow"">Twitter for iPhone</a>","farhatabbaslaw",29,FALSE,FALSE,NA,NA
"166","Semakin kalian emosi &amp; marah, semakin terbakar setan kalian dineraka.",FALSE,65,NA,2015-03-29 06:32:05,FALSE,NA,"582067687850840064",NA,"<a href=""http://twitter.com/download/iphone"" rel=""nofollow"">Twitter for iPhone</a>","farhatabbaslaw",62,FALSE,FALSE,NA,NA
"167","Kuliner RM HADJI ABBAS CIAWI BOGOR, http://t.co/6YPhsBRigj",FALSE,113,NA,2015-03-29 06:19:08,FALSE,NA,"582064426796220418",NA,"<a href=""http://twitter.com/download/iphone"" rel=""nofollow"">Twitter for iPhone</a>","farhatabbaslaw",33,FALSE,FALSE,NA,NA
"168","Bupati bogor turut berduka cita atas kepergian olga,begitupun rakyatnya, rusa-rusa istana bogorpun ikut bersedih, sekalian taman safari juga",FALSE,107,NA,2015-03-29 06:14:52,FALSE,NA,"582063352475602944",NA,"<a href=""http://twitter.com/download/iphone"" rel=""nofollow"">Twitter for iPhone</a>","farhatabbaslaw",198,FALSE,FALSE,NA,NA
"169","Pencipta budaya bencong telah mati, sedangkan budayanya masih hidup. Harusnya budayanya juga mati.",FALSE,123,NA,2015-03-29 06:11:21,FALSE,NA,"582062467653578752",NA,"<a href=""http://twitter.com/download/iphone"" rel=""nofollow"">Twitter for iPhone</a>","farhatabbaslaw",283,FALSE,FALSE,NA,NA
"170","Gue baru sadar jika jadi artis bacot itu matinya disanjung.",FALSE,96,NA,2015-03-29 06:01:44,FALSE,NA,"582060050400698368",NA,"<a href=""http://twitter.com/download/iphone"" rel=""nofollow"">Twitter for iPhone</a>","farhatabbaslaw",185,FALSE,FALSE,NA,NA
"171","Mending dikira mati daripada dikira hidup.",FALSE,58,NA,2015-03-29 06:00:34,FALSE,NA,"582059753376866304",NA,"<a href=""http://twitter.com/download/iphone"" rel=""nofollow"">Twitter for iPhone</a>","farhatabbaslaw",58,FALSE,FALSE,NA,NA
"172","Dia bukan pahlawan, gak usah dipahlawan2in,,,,",FALSE,52,NA,2015-03-29 05:58:17,FALSE,NA,"582059182263664640",NA,"<a href=""http://twitter.com/download/iphone"" rel=""nofollow"">Twitter for iPhone</a>","farhatabbaslaw",60,FALSE,FALSE,NA,NA
"173","Regina feat. Farhat Abbas - Suntik Mati #RIPFarhatabbas  http://t.co/OAOrNkJPcq",FALSE,131,NA,2015-03-29 04:33:24,FALSE,NA,"582037818022576130",NA,"<a href=""http://www.apple.com"" rel=""nofollow"">iOS</a>","farhatabbaslaw",57,FALSE,FALSE,NA,NA
"174","http://t.co/tpROpYRcEL #RIPFarhatAbbas",FALSE,76,NA,2015-03-29 04:31:17,FALSE,NA,"582037287548022784",NA,"<a href=""http://twitter.com/download/iphone"" rel=""nofollow"">Twitter for iPhone</a>","farhatabbaslaw",20,FALSE,FALSE,NA,NA
"175","Berdo'alah agar orang tak berbuat dosa, bukan berdoa menghapus dosa orang lain.",FALSE,117,NA,2015-03-29 01:56:04,FALSE,NA,"581998226422657025",NA,"<a href=""http://twitter.com/download/iphone"" rel=""nofollow"">Twitter for iPhone</a>","farhatabbaslaw",109,FALSE,FALSE,NA,NA
"176","Jangan hibur pendosa dg do'a2mu,, karena itu dosa bagi kamu.",FALSE,79,NA,2015-03-29 01:55:12,FALSE,NA,"581998008721547265",NA,"<a href=""http://twitter.com/download/iphone"" rel=""nofollow"">Twitter for iPhone</a>","farhatabbaslaw",50,FALSE,FALSE,NA,NA
"177","Sekali berarti, sudah itu mati,, berartilah berulang-ulang kali, berarti seribu tahun lagi.",FALSE,70,NA,2015-03-29 01:53:15,FALSE,NA,"581997516352151552",NA,"<a href=""http://twitter.com/download/iphone"" rel=""nofollow"">Twitter for iPhone</a>","farhatabbaslaw",20,FALSE,FALSE,NA,NA
"178","Kalo setan yg mati, pengikut setan pada ikut2an kesetanan marah2, bersatu sedunia membela setan.",FALSE,68,NA,2015-03-29 01:51:52,FALSE,NA,"581997167549632512",NA,"<a href=""http://twitter.com/download/iphone"" rel=""nofollow"">Twitter for iPhone</a>","farhatabbaslaw",77,FALSE,FALSE,NA,NA
"179","Lebih baik marah  sama orang mati daripada marah sama orang hidup.",FALSE,85,NA,2015-03-29 01:49:21,FALSE,NA,"581996535111532544",NA,"<a href=""http://twitter.com/download/iphone"" rel=""nofollow"">Twitter for iPhone</a>","farhatabbaslaw",65,FALSE,FALSE,NA,NA
"180","Matinya cepat, sakitnya yg lama.",FALSE,106,NA,2015-03-29 01:41:37,FALSE,NA,"581994586907672576",NA,"<a href=""http://twitter.com/download/iphone"" rel=""nofollow"">Twitter for iPhone</a>","farhatabbaslaw",113,FALSE,FALSE,NA,NA
"181","Gak ada orang masuk surga hanya gara2 kematian, surga itu tergantung amal ibadah, bukan miskin atau kaya &amp; populer.",FALSE,102,NA,2015-03-29 01:40:13,FALSE,NA,"581994236783939584",NA,"<a href=""http://twitter.com/download/iphone"" rel=""nofollow"">Twitter for iPhone</a>","farhatabbaslaw",136,FALSE,FALSE,NA,NA
"182","Dia dihukum, kematiannya pelajaran bagi kehidupan manusia.",FALSE,66,NA,2015-03-29 01:34:27,FALSE,NA,"581992783784738816",NA,"<a href=""http://twitter.com/download/iphone"" rel=""nofollow"">Twitter for iPhone</a>","farhatabbaslaw",38,FALSE,FALSE,NA,NA
"183","Mata Najwa : Parodi Farhat Abbas Presiden 2014 versi Olga http://t.co/AoEKxX6PX1",FALSE,303,NA,2015-03-29 01:10:47,FALSE,NA,"581986829454352384",NA,"<a href=""http://www.apple.com"" rel=""nofollow"">iOS</a>","farhatabbaslaw",155,FALSE,FALSE,NA,NA
"184","HOT! Farhat Abbas Akui Olga Lucu Kalau Menghina Orang http://t.co/zob8nFVDNk",FALSE,156,NA,2015-03-29 01:10:08,FALSE,NA,"581986664949501952",NA,"<a href=""http://www.apple.com"" rel=""nofollow"">iOS</a>","farhatabbaslaw",50,FALSE,FALSE,NA,NA
"185","Olga &amp; Jessica Lecehkan Agama Hindu? http://t.co/mTPNNAn39C",FALSE,212,NA,2015-03-29 01:09:33,FALSE,NA,"581986517054140416",NA,"<a href=""http://www.apple.com"" rel=""nofollow"">iOS</a>","farhatabbaslaw",57,FALSE,FALSE,NA,NA
"186","Video Olga Syahputra Menghina Umi Hj  Zubaidah @ Campur Campur http://t.co/vhjvxkHSo8",FALSE,168,NA,2015-03-29 01:09:12,FALSE,NA,"581986431846854657",NA,"<a href=""http://www.apple.com"" rel=""nofollow"">iOS</a>","farhatabbaslaw",53,FALSE,FALSE,NA,NA
"187","Cuplikan Saat Olga Syahputra Menghina Dokter http://t.co/OlsmpKnLtJ",FALSE,267,NA,2015-03-29 01:05:29,FALSE,NA,"581985496500342784",NA,"<a href=""http://www.apple.com"" rel=""nofollow"">iOS</a>","farhatabbaslaw",73,FALSE,FALSE,NA,NA
"188","Empat Program Televisi Swasta Ditegur KPI http://t.co/uDhjiXuy5k",FALSE,89,NA,2015-03-29 01:03:06,FALSE,NA,"581984894349275136",NA,"<a href=""http://www.apple.com"" rel=""nofollow"">iOS</a>","farhatabbaslaw",22,FALSE,FALSE,NA,NA
"189","Pasukannya pasukan orang mati, pasukan tukang bully.",FALSE,49,NA,2015-03-28 10:54:44,FALSE,NA,"581771397392822273",NA,"<a href=""http://twitter.com/download/iphone"" rel=""nofollow"">Twitter for iPhone</a>","farhatabbaslaw",44,FALSE,FALSE,NA,NA
"190","Hidup candaan mati dicanduin.",FALSE,56,NA,2015-03-28 10:53:21,FALSE,NA,"581771048254775296",NA,"<a href=""http://twitter.com/download/iphone"" rel=""nofollow"">Twitter for iPhone</a>","farhatabbaslaw",45,FALSE,FALSE,NA,NA
"191","Hidup membuat tawa mati membuat sedih.",FALSE,53,NA,2015-03-28 10:52:53,FALSE,NA,"581770931086831617",NA,"<a href=""http://twitter.com/download/iphone"" rel=""nofollow"">Twitter for iPhone</a>","farhatabbaslaw",55,FALSE,FALSE,NA,NA
"192","Dia bukan pahlawan, pahlawan tidak komersil, pahlawan itu bukan yg rahasia,, hanya kematian yg rahasia Tuhan.",FALSE,44,NA,2015-03-28 10:30:03,FALSE,NA,"581765184760389632",NA,"<a href=""http://twitter.com/download/iphone"" rel=""nofollow"">Twitter for iPhone</a>","farhatabbaslaw",64,FALSE,FALSE,NA,NA
"193","Orang kaya itu yg bernyawa.",FALSE,50,NA,2015-03-28 10:26:07,FALSE,NA,"581764195131101184",NA,"<a href=""http://twitter.com/download/iphone"" rel=""nofollow"">Twitter for iPhone</a>","farhatabbaslaw",36,FALSE,FALSE,NA,NA
"194","Kubur juga kesedihanmu,, jgn panjang &amp; berlarut,,,",FALSE,42,NA,2015-03-28 10:23:36,FALSE,NA,"581763562978164736",NA,"<a href=""http://twitter.com/download/iphone"" rel=""nofollow"">Twitter for iPhone</a>","farhatabbaslaw",30,FALSE,FALSE,NA,NA
"195","Jangan menangis kepergian olga,masih ada bupati bogor yg lebih baik, lucu &amp; menghibur,,,, #serbubogor",FALSE,81,NA,2015-03-28 10:20:11,FALSE,NA,"581762702034391040",NA,"<a href=""http://twitter.com/download/iphone"" rel=""nofollow"">Twitter for iPhone</a>","farhatabbaslaw",115,FALSE,FALSE,NA,NA
"196","Pahlawannya sudah mati,gampang banget musnahin pendukungnya yg mudah emosi,dari hati yg sakit,sakit juga mulutnya,sakit jiwa raganya.",FALSE,55,NA,2015-03-28 10:15:48,FALSE,NA,"581761599788068864",NA,"<a href=""http://twitter.com/download/iphone"" rel=""nofollow"">Twitter for iPhone</a>","farhatabbaslaw",59,FALSE,FALSE,NA,NA
"197","Media yg menjadi alat politik kekuasaan adalah kekuasaan yg begal.",FALSE,35,NA,2015-03-28 10:13:14,FALSE,NA,"581760953525489664",NA,"<a href=""http://twitter.com/download/iphone"" rel=""nofollow"">Twitter for iPhone</a>","farhatabbaslaw",25,FALSE,FALSE,NA,NA
"198","Demokrasi itu media bukan alat politik dinasty,",FALSE,41,NA,2015-03-28 10:12:22,FALSE,NA,"581760733559463936",NA,"<a href=""http://twitter.com/download/iphone"" rel=""nofollow"">Twitter for iPhone</a>","farhatabbaslaw",22,FALSE,FALSE,NA,NA
"199","Yang lenong yg emosi.",FALSE,33,NA,2015-03-28 10:02:34,FALSE,NA,"581758268650840064",NA,"<a href=""http://twitter.com/download/iphone"" rel=""nofollow"">Twitter for iPhone</a>","farhatabbaslaw",28,FALSE,FALSE,NA,NA
"200","Yg mati jadi contoh buat yg kuat pesta.",FALSE,50,NA,2015-03-28 10:02:03,FALSE,NA,"581758137541136384",NA,"<a href=""http://twitter.com/download/iphone"" rel=""nofollow"">Twitter for iPhone</a>","farhatabbaslaw",38,FALSE,FALSE,NA,NA
"201","Nyawa hidup silih berganti, datang dan pergi.",FALSE,24,NA,2015-03-28 10:01:13,FALSE,NA,"581757930522853377",NA,"<a href=""http://twitter.com/download/iphone"" rel=""nofollow"">Twitter for iPhone</a>","farhatabbaslaw",25,FALSE,FALSE,NA,NA
"202","Horee,,, dia pulang setelah lama tak ada, walau pulang sudah tak ada.",FALSE,123,NA,2015-03-28 09:59:36,FALSE,NA,"581757524283510784",NA,"<a href=""http://twitter.com/download/iphone"" rel=""nofollow"">Twitter for iPhone</a>","farhatabbaslaw",232,FALSE,FALSE,NA,NA
"203","Siksa kubur bagi orang2 yg takabur",FALSE,93,NA,2015-03-28 07:50:25,FALSE,NA,"581725013054595073",NA,"<a href=""http://twitter.com/download/iphone"" rel=""nofollow"">Twitter for iPhone</a>","farhatabbaslaw",60,FALSE,FALSE,NA,NA
"204","Lama hidup susah, susah pula matinya.",FALSE,79,NA,2015-03-28 07:46:27,FALSE,NA,"581724013115756544",NA,"<a href=""http://twitter.com/download/iphone"" rel=""nofollow"">Twitter for iPhone</a>","farhatabbaslaw",96,FALSE,FALSE,NA,NA
"205","Kematian tidak menghapus dosa &amp; utang.",FALSE,87,NA,2015-03-28 05:55:11,FALSE,NA,"581696013594861568",NA,"<a href=""http://twitter.com/download/iphone"" rel=""nofollow"">Twitter for iPhone</a>","farhatabbaslaw",75,FALSE,FALSE,NA,NA
"206","Bencongnya 1 temanya seribu.",FALSE,161,NA,2015-03-28 04:45:54,FALSE,NA,"581678576740618242",NA,"<a href=""http://twitter.com/download/iphone"" rel=""nofollow"">Twitter for iPhone</a>","farhatabbaslaw",209,FALSE,FALSE,NA,NA
"207","Mau nyumbang kalo masuk tv, neneknya terlantar &amp; menderita aja dicuekin.",FALSE,87,NA,2015-03-28 04:04:26,FALSE,NA,"581668143648497665",NA,"<a href=""http://twitter.com/download/iphone"" rel=""nofollow"">Twitter for iPhone</a>","farhatabbaslaw",85,FALSE,FALSE,NA,NA
"208","Jenis kelamin gak jelas, anak isteri tak punya, temannyapun sejenis.",FALSE,95,NA,2015-03-28 04:02:37,FALSE,NA,"581667683654983680",NA,"<a href=""http://twitter.com/download/iphone"" rel=""nofollow"">Twitter for iPhone</a>","farhatabbaslaw",170,FALSE,FALSE,NA,NA
"209","Dia menangis untu diri &amp; hartanya, bukan untuk orang2 yg menagis kelaparan atau miskin.",FALSE,53,NA,2015-03-28 03:43:05,FALSE,NA,"581662767758774272",NA,"<a href=""http://twitter.com/download/iphone"" rel=""nofollow"">Twitter for iPhone</a>","farhatabbaslaw",48,FALSE,FALSE,NA,NA
"210","Kalo presiden yg nembak terpidana mati, pengen jualan narkoba biar ditembak presiden. #tolakeksekusimati",FALSE,53,NA,2015-03-28 03:41:38,FALSE,NA,"581662404339077120",NA,"<a href=""http://twitter.com/download/iphone"" rel=""nofollow"">Twitter for iPhone</a>","farhatabbaslaw",45,FALSE,FALSE,NA,NA
"211","Matinya secepat suksesnya,, bukan sukses matinya.",FALSE,64,NA,2015-03-28 03:39:22,FALSE,NA,"581661832093376512",NA,"<a href=""http://twitter.com/download/iphone"" rel=""nofollow"">Twitter for iPhone</a>","farhatabbaslaw",77,FALSE,FALSE,NA,NA
"212","Orang yg nolak tamu atau yg kabur saat tamu bertandang matinya menderita, ngapus dosanya lama &amp; sakit.",FALSE,56,NA,2015-03-28 03:37:53,FALSE,NA,"581661458871648256",NA,"<a href=""http://twitter.com/download/iphone"" rel=""nofollow"">Twitter for iPhone</a>","farhatabbaslaw",60,FALSE,FALSE,NA,NA
"213","Belum kaya kalo masih mati.",FALSE,53,NA,2015-03-28 03:36:01,FALSE,NA,"581660991533944832",NA,"<a href=""http://twitter.com/download/iphone"" rel=""nofollow"">Twitter for iPhone</a>","farhatabbaslaw",51,FALSE,FALSE,NA,NA
"214","Semua orang ingin tinggal dijawa, karena jawa tanah yg subur dan dekat jakarta.",FALSE,15,NA,2015-03-26 09:47:56,FALSE,NA,"581029812191436801",NA,"<a href=""http://twitter.com/download/iphone"" rel=""nofollow"">Twitter for iPhone</a>","farhatabbaslaw",17,FALSE,FALSE,NA,NA
"215","Eksekusi koruptor #matiinkoruptor tanpa proses sidang http://t.co/5kJP4FHNDb",FALSE,62,NA,2015-03-26 08:17:27,FALSE,NA,"581007038727135232",NA,"<a href=""http://www.apple.com"" rel=""nofollow"">iOS</a>","farhatabbaslaw",90,FALSE,FALSE,NA,NA
"216","@sastroniti narkoba itu kerugian masing2 individu, bukan bangsa,",FALSE,8,"sastroniti",2015-03-26 08:11:29,FALSE,"581004361800646657","581005537581527041","95581423","<a href=""http://twitter.com/download/iphone"" rel=""nofollow"">Twitter for iPhone</a>","farhatabbaslaw",9,FALSE,FALSE,NA,NA
"217","Tereksekusi ini tak dapat memeluk rasa sakit akibat tembakan mati regu eksekutor, kejam &amp; dzalim penguasa itu. http://t.co/aPU3Wvb2Lz",FALSE,55,NA,2015-03-26 07:53:38,FALSE,NA,"581001044009754626",NA,"<a href=""http://www.apple.com"" rel=""nofollow"">iOS</a>","farhatabbaslaw",46,FALSE,FALSE,NA,NA
"218","Hukum ini gak adil, orang tes urin positif narkoba ditangkap, tapi orang kaya kkn kaya &amp; hidup mewah krn kkn dibiarin aja,,",FALSE,24,NA,2015-03-26 07:12:14,FALSE,NA,"580990627447361536",NA,"<a href=""http://twitter.com/download/iphone"" rel=""nofollow"">Twitter for iPhone</a>","farhatabbaslaw",48,FALSE,FALSE,NA,NA
"219","Hampir semua pejabat kaya karena kkn,pungli,meres,komisi,, kan mereka dilarang bisnis? Dari mana lagi dapatnya? Dari gaji? Gak cukup.",FALSE,23,NA,2015-03-26 07:10:59,FALSE,NA,"580990312622886912",NA,"<a href=""http://twitter.com/download/iphone"" rel=""nofollow"">Twitter for iPhone</a>","farhatabbaslaw",37,FALSE,FALSE,NA,NA
"220","@SIPerubahancom @basuki_btp gue nyalahin supirnya,supir busway tkdang terlalu arogan,mentang py jalan,diapikir bebasnabrak yg gak pakaihelem",FALSE,4,"SIPerubahancom",2015-03-26 07:08:51,FALSE,"580987666377768960","580989774787293184","2412056366","<a href=""http://twitter.com/download/iphone"" rel=""nofollow"">Twitter for iPhone</a>","farhatabbaslaw",4,FALSE,FALSE,NA,NA
"221","#matiinkoruptor",FALSE,12,NA,2015-03-26 06:37:55,FALSE,NA,"580981990444261376",NA,"<a href=""http://twitter.com/download/iphone"" rel=""nofollow"">Twitter for iPhone</a>","farhatabbaslaw",27,FALSE,FALSE,NA,NA
"222","Jangan pernah mempermainkan tamu, kehormatan kita diukur &amp; dinillai dari bagamana kita menghormati tamu.",FALSE,16,NA,2015-03-26 05:55:41,FALSE,NA,"580971362321182721",NA,"<a href=""http://twitter.com/download/iphone"" rel=""nofollow"">Twitter for iPhone</a>","farhatabbaslaw",26,FALSE,FALSE,NA,NA
"223","Kesombongan itu menyakitlan banyak orang.",FALSE,14,NA,2015-03-26 05:27:42,FALSE,NA,"580964321024327680",NA,"<a href=""http://twitter.com/download/iphone"" rel=""nofollow"">Twitter for iPhone</a>","farhatabbaslaw",30,FALSE,FALSE,NA,NA
"224","@fizzlabz ada yg usil",FALSE,5,"fizzlabz",2015-03-26 04:04:33,FALSE,"580937728142921729","580943396681854976","37211630","<a href=""http://twitter.com/download/iphone"" rel=""nofollow"">Twitter for iPhone</a>","farhatabbaslaw",0,FALSE,FALSE,NA,NA
"225","@RohitRohitians ini bukan delik aduan,tak dapat dicabut, proses saja nanti akan jd hal yg meringankan, insyaallah bebas",FALSE,2,"RohitRohitians",2015-03-26 03:39:16,FALSE,"580928351910506496","580937031158669312","2940689948","<a href=""http://twitter.com/download/iphone"" rel=""nofollow"">Twitter for iPhone</a>","farhatabbaslaw",0,FALSE,FALSE,NA,NA
"226","@standupcikalong gak ditilang, hanya didenda pajaknya saat perpanjang berikutnya,",FALSE,1,"standupcikalong",2015-03-26 01:53:38,FALSE,"580910263576100864","580910447601147904","2937879830","<a href=""http://twitter.com/download/iphone"" rel=""nofollow"">Twitter for iPhone</a>","farhatabbaslaw",0,FALSE,FALSE,NA,NA
"227","Kematian saat naik pesawat sebelum penumpang ngambil bagasi&amp;atau keluar tinggalkan bandara,adalah tanggung jawab maskapai wajib dpt asuransi",FALSE,10,NA,2015-03-26 01:52:51,FALSE,NA,"580910251462918144",NA,"<a href=""http://twitter.com/download/iphone"" rel=""nofollow"">Twitter for iPhone</a>","farhatabbaslaw",15,FALSE,FALSE,NA,NA
